,SPY,QQQ,VTI,AGG,EFA
2024-08-02,-0.018618419513553364,-0.02373496805831321,-0.020126661336977714,0.011187242031922118,-0.015722893159569984
2024-08-05,-0.029123758122734045,-0.02981614216768813,-0.029364768063164792,-0.0007972252280595837,-0.021818214141833603
2024-08-06,0.009219667458147729,0.009555172803197065,0.010149612833834976,-0.005985189694599602,0.0017259550253136968
2024-08-07,-0.006684010769610338,-0.010829867901753776,-0.0076423770466788055,-0.0030105341153553455,0.0047713567194704876
2024-08-08,0.023117195659273504,0.03059099555877509,0.02341673838109881,-0.0015098524336831787,0.0167525017608241
2024-08-09,0.004409776782127617,0.0052223441479999355,0.00431652603547561,0.003528182599447316,0.00389189451803329
2024-08-12,0.000525505930253134,0.002153622432178093,-0.000646747638859746,0.0017076272124341152,-0.0009045644360076155
2024-08-13,0.016445622725722586,0.024812803537712202,0.016631853494091464,0.004011308083697207,0.017203506012551717
2024-08-14,0.003154694223874266,0.00032429379850484885,0.002845220996150255,0.0017980158422437054,0.003687637376021957
2024-08-15,0.017140411198926175,0.025263104836035444,0.01732106560105784,-0.004187655437987936,0.012162737578309102
2024-08-16,0.0022418339274883348,0.001285825809772101,0.0023852677587545834,0.002402929294337053,0.005507588246920214
2024-08-19,0.009561343504643993,0.013135832618628829,0.009444475248465922,0.001098752146813542,0.012199621081724121
2024-08-20,-0.0016259874518592676,-0.00209855445314866,-0.002429631868286486,0.002993113054244434,-0.0030747316140908865
2024-08-21,0.0034363944820707815,0.004664116274959218,0.005016620371301572,0.0018899101240279492,0.009252450129971335
2024-08-22,-0.007848465351235068,-0.015854901332707838,-0.008464094461530403,-0.0040706006750215185,-0.0058671390304522175
2024-08-23,0.010625311869402632,0.010845524056203315,0.012658714595303877,0.004585732160442335,0.018320323737631927
2024-08-26,-0.0023837326780052903,-0.009708276647745984,-0.0025216534251558675,-0.0008931300505975459,-0.004467498072839304
2024-08-27,0.0013730594595742218,0.0029873729099445523,0.0009029230459050019,0.0002979498113775403,0.004608918890680158
2024-08-28,-0.005805376544491092,-0.01134749444714267,-0.006098043847738155,-0.0008936621784773058,-0.0035010961286963127
2024-08-29,8.979232223471634e-05,-0.0014638134913312895,0.00098013811934905,-0.0012918857856275556,0.003755686954346915
2024-08-30,0.009545986854430089,0.011919315243995365,0.009647496900968777,-0.0023881842311288537,0.0015690878674960995
2024-09-03,-0.020579229246582953,-0.030360864258619502,-0.02151719074513958,0.00422235660535919,-0.015786894370912963
2024-09-04,-0.002046736989414377,-0.0025985432155506416,-0.0022395604537768232,0.004384285820731693,-0.004408065488286206
2024-09-05,-0.0024322162421882565,0.0009336005586144669,-0.00309078596611434,0.0025793911938183367,0.0002460520641522912
2024-09-06,-0.01683003092753399,-0.026787290485277726,-0.016608734174572315,0.0012862598229148592,-0.01881221007967493
2024-09-09,0.011196112002403558,0.012859710544851799,0.010696547715589366,0.0014823298290842502,0.010024964316269314
2024-09-10,0.0043557340026461056,0.009241723267745083,0.003899120138195711,0.0030591037818936684,-0.0049627309573757605
2024-09-11,0.010258903074791492,0.02171545816392917,0.009950516123566011,-0.00029504632664201225,0.005985018227662842
2024-09-12,0.008423544480787859,0.009816065426901721,0.008313991382703945,-0.0008857123593316585,0.00818039122457015
2024-09-13,0.0052226500817795785,0.004479927198426825,0.006974292779719615,0.002068390122027308,0.0023359071417186072
2024-09-16,0.0014769196979078636,-0.0044179158441491895,0.0019838876034901087,0.002358906023815388,0.008095202483794806
2024-09-17,0.0004084577395420119,0.00052827161020641,0.0010081190361674874,-0.0009807199722549065,-0.005596690439527152
2024-09-18,-0.0029658872344361376,-0.004329591883561079,-0.002517481460185933,-0.003140964409097391,-0.0031812762415102114
2024-09-19,0.017064569527469375,0.02528427336853567,0.016945973321017105,9.861813582046075e-05,0.019761868733371823
2024-09-20,-0.0017287246886824592,-0.0019032563423306836,-0.00209183996103679,-0.0008859922809054677,-0.009869989130881551
2024-09-23,0.002498918831124408,0.002650593932915335,0.0024870911993477574,-0.0003943145561148276,0.003768470915883837
2024-09-24,0.002861290368756819,0.004823640329561618,0.0025161967567703947,0.001380019956465972,0.005934427454092228
2024-09-25,-0.002205401552312858,0.0009270994132433152,-0.0032876080616062175,-0.0038392608234343317,-0.005417871322146217
2024-09-26,0.003964625178572323,0.007513128577133932,0.004469054467492128,0.00019787908106994045,0.022031337317669708
2024-09-27,-0.0014504632317771105,-0.005557075290625102,-0.000988352934666037,0.002865192339982503,-0.006040557442835048
2024-09-30,0.004007242851737702,0.002711899067891821,0.0039355806382674885,-0.0022660417733284532,-0.0034557158479473493
2024-10-01,-0.008958318371578233,-0.013932413137557997,-0.009111544180536169,0.002644473273248016,-0.007413474733029446
2024-10-02,0.00042197356733231217,0.001412907689903653,0.00021383972454547262,-0.0020744010275396407,-0.002048089443411505
2024-10-03,-0.0018281428440489744,-0.0007469807593475375,-0.0021379400689389705,-0.0040586597641798505,-0.009294958150228072
2024-10-04,0.009087389997930684,0.011898071728249748,0.009677216664298882,-0.006460440820927227,0.005848647224730108
2024-10-07,-0.009040485850911884,-0.010711647098746502,-0.009124647643560468,-0.0034013409057888078,-0.005572378689973512
2024-10-08,0.009457524860479127,0.014934585936389633,0.00842344719537036,0.001706355712748131,-0.0015836147434494796
2024-10-09,0.0069264785941913765,0.007868442812957399,0.0069726661495912445,-0.002605521976282943,0.00024400470270591335
2024-10-10,-0.0017500005084409853,-0.0011355114039599545,-0.0020738384403382604,-0.0006027411536535521,-0.001219821860520498
2024-10-11,0.00598814016912419,0.0015631031018426,0.007748933301928496,0.00030155233482886956,0.005129585767717604
2024-10-14,0.008178406248964043,0.00839145548468534,0.0077942561938029176,-0.0009043842852940465,0.0029161508643968936
2024-10-15,-0.0077697251796715605,-0.013366850304878164,-0.006866902517386864,0.004023627848502409,-0.016598109946703854
2024-10-16,0.004346502515658823,0.0001222498543522743,0.005098512630704599,0.001302460305773634,0.0025871788052356237
2024-10-17,8.57220849690421e-05,0.0006926436870444697,-0.00020846065457713614,-0.004903009347669296,0.00012287186842296904
2024-10-18,0.0038466610025633674,0.006554630257641136,0.003926774038613523,0.0007038696853725046,0.006757605810516321
2024-10-21,-0.00164220652532987,0.001921286802893496,-0.003149890027460356,-0.006933173137000703,-0.011837884494814821
2024-10-22,-0.0005311549136910454,0.0010900375602409529,-0.0011459501059594146,0.00020223008263675624,-0.005681114302912071
2024-10-23,-0.009137373018495487,-0.015323869273902058,-0.009038848342818873,-0.002528964521794963,-0.010060951627127501
2024-10-24,0.0021626666489953372,0.008108750408139187,0.0026662694055341607,0.0019269502092005286,0.005646278796268556
2024-10-25,-0.0003453396636361461,0.006093619129818206,-0.000944616226611239,-0.0020244802290863007,-0.003368746396413158
2024-10-28,0.003091420305775028,0.00016148756654010832,0.00406242023849801,-0.0016229819179333083,0.008011959683441372
2024-10-29,0.001618483018638317,0.00960838164547817,0.0013254084705542901,0.0011176691565963903,-0.003601439989760369
2024-10-30,-0.003025305421519353,-0.007557583830504644,-0.002473089493013947,-0.001014848283832137,-0.0064815082661342505
2024-10-31,-0.01960316084978808,-0.02524266797523611,-0.01864726161725172,-0.00020327222503901954,-0.0061472564155937715
2024-11-01,0.004220564903203661,0.00739892415561183,0.004270055780146276,-0.00397501693342428,0.0020197518182036855
2024-11-04,-0.0021540446458775397,-0.002913211338600341,-0.0018070656594850742,0.004195570254631242,0.0007559050186067839
2024-11-05,0.01209176864206385,0.012756857526627252,0.012707691055644288,0.0023440141543566995,0.009944621049982727
2024-11-06,0.02486566914760968,0.02716329338191148,0.027970374537284348,-0.007828627690161793,-0.014458515375907033
2024-11-07,0.007732078640910078,0.01574423935283331,0.006989966449758134,0.007582874624750824,0.015176278007595245
2024-11-08,0.004331695234855104,0.0011684245949588057,0.004672777248284854,0.0017288269592490302,-0.013828164747740845
2024-11-11,0.000952904893440909,-0.000583381466625843,0.002797356480469748,-0.0022335948475297185,0.0002526354790055585
2024-11-12,-0.003106296267636477,-0.0018100928736471955,-0.003932240394145858,-0.005799609665251615,-0.01856530944997603
2024-11-13,0.0004857100541775239,-0.0012867322164167305,-0.00047237579027803456,-0.0002047104536788691,-0.005919442132821473
2024-11-14,-0.006430128741193086,-0.006949708037717106,-0.007392851198402162,-0.00040942406256616604,0.002071258713839841
2024-11-15,-0.01280865561642519,-0.023825952434126996,-0.012685430132510556,0.00010241811675593127,-0.0036171597546539314
2024-11-18,0.0040972809174433245,0.006947654579497531,0.0040646691278443114,0.0009215072562946958,0.0054453856461365024
2024-11-19,0.003655584163988035,0.006879736840734285,0.0045970048583436895,0.0014322255918171045,-0.001289604853588977
2024-11-20,0.00033876466122584326,-0.0005759125270379251,0.0005805860119707518,-0.001021348157024482,-0.0027114436982575985
2024-11-21,0.0053683913960527185,0.0035971269030727893,0.006996540276409835,-0.0005115991486887017,0.00025901727440502675
2024-11-22,0.0030994217707922544,0.0016040113027266933,0.004948452703783746,0.0007161861290503335,0.0038829292552733374
2024-11-25,0.0033921384217381334,0.0015816290360988194,0.004890101078925513,0.008997246405235027,0.005157349156615476
2024-11-26,0.0052213833238510254,0.005369276767723807,0.0036582090341039653,-0.001519922621540326,-0.0057721978441271915
2024-11-27,-0.0030300804990802677,-0.007873467083248875,-0.0028422422614281517,0.002739833396183222,0.005418689311765812
2024-11-29,0.006212175872964076,0.008786878604162496,0.0055666543484533815,0.003947016216536925,0.013345300993863773
2024-12-02,0.0017923638451442514,0.01088785220634203,0.001900911506439229,0.00012139453079496043,0.0027858757970016246
2024-12-03,0.0004638176201980926,0.003066400251411805,0.0,-0.001921184793907793,0.00568244305113752
2024-12-04,0.00620943093702353,0.01236281833646502,0.006723703089477562,0.003241778099887238,0.0007534373169688635
2024-12-05,-0.0016455349386431672,-0.0027711279323534566,-0.0027773809783382397,0.0002021398903240268,0.004893408719710335
2024-12-06,0.0018955962798452575,0.00894964349899574,0.0027851163073928653,0.002826689763699486,-0.00012485094751657488
2024-12-09,-0.005149641051743981,-0.007787423026579754,-0.0063813840586339765,-0.0029194867992721196,-0.0006244309288616634
2024-12-10,-0.0031089862585892414,-0.0034076451543372244,-0.0037599424364882506,-0.0012116062262312877,-0.008996597890471913
2024-12-11,0.007730552253017553,0.017902389328195545,0.008049534838910466,-0.0023251285110822417,0.006304338639622209
2024-12-12,-0.005152506147870883,-0.006453792639828704,-0.005698956088232787,-0.004053143102420553,-0.00877081955746084
2024-12-13,-0.00019872395504827445,0.007654412195277294,-0.0005000136068603611,-0.003764305178962979,-0.0027809457283981542
2024-12-16,0.004270040192342561,0.01440055862313816,0.004067661056876837,0.0009191384425000226,-0.0032957012280495634
2024-12-17,-0.004120040728009644,-0.00440376610496418,-0.004947579196058816,0.0,-0.0015856626004546737
2024-12-18,-0.02980351705443751,-0.036077028022274304,-0.03093518314177157,-0.007615767538132534,-0.02453182334553794
2024-12-19,-0.0003070524920670836,-0.004453146426902754,-0.0014118212866017776,-0.002578533480588896,-0.003176830373305073
2024-12-20,0.012010978864421151,0.008732509410925848,0.011379933124229247,0.002688613962814612,-0.002788417965466916
2024-12-23,0.0059883732072167906,0.009742719963393709,0.005681790719202384,-0.0030939533516347595,0.006524536073353904
2024-12-24,0.011114875106224664,0.013559720751139537,0.010612315518395699,0.0011379487853373504,0.0035720050419609795
2024-12-26,6.665899388536012e-05,-0.0006793138595153625,0.0005722281104914018,0.0007232966921273398,0.004745619333863749
2024-12-27,-0.010526606786784742,-0.013293005139857206,-0.010831295861204682,-0.0020651376335227845,-0.0014432438966098804
2024-12-30,-0.011411569827867729,-0.013299944117094564,-0.011051741890022004,0.003932027238631619,-0.006569403061329582
2024-12-31,-0.0036380734005933,-0.008494712375642588,-0.003472889701952586,-0.0012368805427164231,0.0
2025-01-02,-0.002456999875826371,-0.0019560964877525233,-0.00189777354754872,0.00010328184111285665,-0.0034387412558412045
2025-01-03,0.012503451621171946,0.01636529507526352,0.013136897906780742,-0.0010319036820941596,0.004379517533057653
2025-01-06,0.005760606765051746,0.011492702537464483,0.0055961175375447425,-0.001032888716898106,0.009513813623359457
2025-01-07,-0.011304029753303357,-0.017844078594537183,-0.011163826138873345,-0.0035155660724554005,-0.0007853969602059641
2025-01-08,0.0014610354461130903,0.0001746115723997299,0.0009264424315482689,0.0011412917569968428,-0.001571825245973879
2025-01-10,-0.015267521600248801,-0.015681063391224548,-0.015016507089534059,-0.00559703370281639,-0.015219181529084969
2025-01-13,0.0015504657071625516,-0.0032137569453334347,0.001635941138194097,-0.0009381030728201623,-0.002797808615910391
2025-01-14,0.0013759758409437328,-0.0009495268585555383,0.0022588878462503903,0.00031307634601995815,0.003607319411605081
2025-01-15,0.018189997912380518,0.023006277776764783,0.018341253714659,0.008656644934054825,0.012779544463127346
2025-01-16,-0.0019231915756813267,-0.0070059018011910945,-0.0007490296708619892,0.0021713980974515934,0.005126195637081832
2025-01-17,0.01003993035862405,0.016878371116635593,0.009233723604961996,0.0,0.004053814437405379
2025-01-21,0.009153481467499613,0.005864963680012547,0.009925679001232535,0.0033015894767349785,0.020187641225997144
2025-01-22,0.005621495307541968,0.01278596455550729,0.004880639960437305,-0.0023650826566913308,-0.002298036690704275
2025-01-23,0.005458085789615819,0.0021259475088419855,0.005256178541462209,-0.0016494245176988942,0.008189374391505133
2025-01-24,-0.0029193101699653834,-0.005651192255885951,-0.0029122402119899915,0.0016521496137786862,0.00558447396058015
2025-01-27,-0.014145285573200161,-0.029114541545423922,-0.013939428849313318,0.005566454581655389,0.0
2025-01-28,0.00859228545404056,0.014779892738581601,0.00858286120049212,-0.00030762033036435543,-0.001262239238859486
2025-01-29,-0.004482899137672081,-0.0018780283118573493,-0.004271723040713105,-0.0006152693766892092,-0.00012623632145591923
2025-01-30,0.005367179270601374,0.004262359338147004,0.00626741857570301,0.0014365123876896035,0.01099591450828763
2025-01-31,-0.005321939266718645,-0.001453091979669363,-0.005462188699799753,-0.0020492970640676456,-0.009376217741021486
2025-02-03,-0.006729604808231482,-0.008003167241777853,-0.007300765834596712,0.000947759310621743,-0.011736511391484128
2025-02-04,0.00670824959480032,0.01227534425118093,0.0072532147390114154,0.0018525175016437245,0.011620578392519398
2025-02-05,0.004054565204691052,0.004538010931690595,0.004622054026982347,0.005341545248595869,0.009719733811735187
2025-02-06,0.003475602610676143,0.005219650920599728,0.0024671149481398924,-0.0010219127472809175,0.0047506454512569185
2025-02-07,-0.009153546965176895,-0.01261322949932786,-0.008946118567713879,-0.0031705794242679053,-0.00945636705537689
2025-02-10,0.006791174435053504,0.012105088174403145,0.0064093042576998105,0.0003078475251390156,0.00678316717701688
2025-02-11,0.0007607049912141672,-0.0023807302147039744,-0.0005335152891203787,-0.002256827063991218,0.004741064880803281
2025-02-12,-0.003221663968638766,0.0005871569330473392,-0.0033026125870858625,-0.005242989367339579,0.0037252993626741837
2025-02-13,0.010557593170810842,0.014385822538715232,0.010443027205026656,0.005994103742384516,0.012124221999321394
2025-02-14,-4.917680849980677e-05,0.004198565375972407,-0.00013248298656942659,0.003698484323036988,0.0014668243068753917
2025-02-18,0.0029358079808696758,0.002266874913648964,0.0028160944397095378,-0.0039917874646993035,0.007201173104871339
2025-02-19,0.0023549011657404417,0.0002781944138743331,0.0014206345880023452,0.0014386223747007154,-0.01030047778701415
2025-02-20,-0.004160315177827445,-0.004244574222315833,-0.005377457705405875,0.0015391553939840819,0.004652922046449293
2025-02-21,-0.017104080969988833,-0.020754504209472335,-0.018474819258437636,0.004303283998030816,-0.006215744775043608
2025-02-24,-0.004550475798734688,-0.011804384093348164,-0.005102842110431438,0.0017344501274718649,-0.0006131926271059074
2025-02-25,-0.0049731455501286215,-0.012599281063493062,-0.004959052602892311,0.006212446530186266,0.009080857270567178
2025-02-26,0.0005048978092221379,0.0024156291192092283,0.0003413036562376348,0.0016194011510000106,0.001337666244343394
2025-02-27,-0.01596196319285248,-0.027771302889890492,-0.01549210044174043,-0.0015156699147448327,-0.011294552050134521
2025-02-28,0.015605548906216127,0.015791548356811846,0.015423928596030478,0.004452882441992045,0.0020882031537654555
2025-03-03,-0.017519950294720976,-0.02188247443983926,-0.017920505066063352,0.0021629380285697053,0.011032150188020395
2025-03-04,-0.01183684954808395,-0.003017820183863984,-0.012477827599026048,-0.0025212772493924396,-0.00024259460672104716
2025-03-05,0.010747794523703114,0.013036022764894684,0.011368395833635248,-0.003437462607416286,0.023890448639728668
2025-03-06,-0.017751024406232996,-0.027509390384302557,-0.0185834772723823,-0.0010145475316939434,-0.010304447840282727
2025-03-07,0.005604736127810428,0.007353531970409444,0.004716031653845043,-0.0012185828310758984,0.010411735020730672
2025-03-10,-0.026635492537345318,-0.03875634856324872,-0.02724642564392943,0.004778849827480558,-0.023569820282567933
2025-03-11,-0.008312900806654588,-0.0023904207119741505,-0.007002285243656203,-0.0035418542509770834,-0.0033963720062498703
2025-03-12,0.005306633225079294,0.011280817031365853,0.004932460377184755,-0.0029451916670143463,0.007181013594660612
2025-03-13,-0.013330629059784216,-0.01799051000388785,-0.014034326706465317,0.00305581262606891,-0.0066465833168254385
2025-03-14,0.020655786870662718,0.024170479474665774,0.021424879542821795,-0.0020308703673708184,0.01836988189171551
2025-03-17,0.0077114253151358,0.006483722216116039,0.008267474439651812,0.001322676861713612,0.01122931261245097
2025-03-18,-0.010808478818586265,-0.017047393002377786,-0.01077768255297884,0.0010161970840394385,-0.00011818785468964421
2025-03-19,0.010890910906714346,0.013381386671291962,0.011365645290732251,0.0029438376999060267,0.0029536701116370523
2025-03-20,-0.0028918222670857308,-0.0033895179830815136,-0.0023978229074045343,0.0006072169506619041,-0.00836377430710189
2025-03-21,0.0003299032828099069,0.003296662535384298,0.00039462851197069604,-0.001213775633247538,-0.006177131998439944
2025-03-24,0.01790849345962031,0.021944308940968327,0.01850464279443198,-0.003848517084473313,-0.0001195864405861835
2025-03-25,0.002403851551660896,0.005706632228947628,0.0016899342218115176,0.0009149790197984231,0.005499128974416623
2025-03-26,-0.011938272063231614,-0.018400701653673246,-0.011705063959617124,-0.0024377399416848355,-0.01295927798558838
2025-03-27,-0.0026557223426582066,-0.005697991681530068,-0.004229586786610895,-0.0005089748008351158,0.002168121757365027
2025-03-28,-0.020138252254996436,-0.026327802172288584,-0.01992906629556268,0.005806646771873369,-0.008894219960434935
2025-03-31,0.006712768433682514,-4.260867231120624e-05,0.005156735011167868,0.0019245323852876695,-0.008852710283048015
2025-04-01,0.002824389123523119,0.008061070341575771,0.003383730295913212,0.0037020471503448338,0.0014681650813934688
2025-04-02,0.006328496838377884,0.007298447304165956,0.00790522608480404,-0.001111619741407388,0.002321344870392039
2025-04-03,-0.049280920296752906,-0.05353353036064212,-0.05033285795307496,0.005260570825561084,-0.020965382417237444
2025-04-04,-0.05854290921310368,-0.06210887769707407,-0.058683084002201014,0.0009056692836690861,-0.06598608395335159
2025-04-07,-0.0017811920142971616,0.0024131675315808288,-0.003259928077575025,-0.012668442887946108,-0.024126831269853155
2025-04-08,-0.015662758816759825,-0.018008423626390657,-0.015787746596637287,-0.0051935097516025985,-0.0034148153582513885
2025-04-09,0.10501934425982218,0.12003075305327582,0.10145648246587591,0.0022520630745967996,0.07716544446096885
2025-04-10,-0.043819074133873315,-0.0425321768036967,-0.04115779690327481,-0.00786439057210997,-0.019722505058964446
2025-04-11,0.017842789344293175,0.018423003247392433,0.016742421053607792,-0.0010294536805723897,0.025051864377272803
2025-04-14,0.009701463709846259,0.006778221719449418,0.009207708353725863,0.0058738689835102775,0.010763620995523082
2025-04-15,-0.0028008927240665837,0.0011147405403326704,-0.0017414454159184745,0.002048993575322955,0.009020265819012163
2025-04-16,-0.022228012511592343,-0.030153469712312697,-0.020781964540369624,0.0031694141503941786,-0.0038489596533816117
2025-04-17,0.001426788735072071,-0.0001800728297612908,0.002091266765194,-0.0025478502464144626,0.010843783768619053
2025-04-21,-0.023802682617838022,-0.02474672439574621,-0.023768046128814224,-0.006028425220711009,-0.005425313721979186
2025-04-22,0.026017800640849797,0.026252048588104593,0.025455261950573238,0.0018503338318260898,0.020704094919580696
2025-04-23,0.015495409403611937,0.022678123244220583,0.0170250660986917,0.0024624491230589296,0.004008313021360843
2025-04-24,0.021048964021112893,0.028137130072282357,0.021067301169894304,0.0055270595790604116,0.013307545474528393
2025-04-25,0.0072253411988509875,0.011147977586374314,0.006134119702330576,0.0036645843137412815,0.0042979334670039115
2025-04-28,0.0003812613395985931,-0.0003174403061908526,0.001441022742734166,0.0027383834617811242,0.00665717544066835
2025-04-29,0.006299446880281057,0.0066044669820304325,0.0060140870425906545,0.00242741027446014,0.002007473535619919
2025-04-30,0.0003968915770615755,-0.00012618307069067747,0.0005868003707834024,-0.0009081234913352887,-0.0011784525490130537
2025-05-01,0.007086862410970118,0.013060760639381774,0.006231223751399062,-0.002725358633417052,-0.0031858415184192745
2025-05-02,0.014844172407353584,0.014843856241386622,0.015590862756475588,-0.004876735472717608,0.019176049383419214
2025-05-05,-0.0057344293644374655,-0.00593255805058146,-0.005667189161788877,-0.0017355131610142793,0.0017422410013212541
2025-05-06,-0.008358276461693515,-0.009301738669712734,-0.008116289985613756,0.002454419116592499,-0.001275409311180864
2025-05-07,0.0042054650283336326,0.003925964765446821,0.004145898490442335,0.0015304039327872498,-0.0033666302107576707
2025-05-08,0.006967831538101654,0.010324920500703882,0.007859239864404177,-0.005195028546985836,-0.003494357730160158
2025-05-09,-0.001274180256365609,-0.0006554109918085471,-0.0011140405518240692,0.0010239773445803735,0.0049093099521762
2025-05-12,0.03304749437232446,0.0407402693098482,0.033456838888403784,-0.003375684444159033,0.005118163019057986
2025-05-13,0.006603929737784453,0.015240792318343743,0.006788118140064636,-0.001026315328025329,0.001272868015685713
2025-05-14,0.0012780410929227326,0.005993042623736455,0.0006569203548365543,-0.0028768735300312986,-0.004854360658014256
2025-05-15,0.00488426803519082,0.0010988959206079674,0.0040772763920620125,0.005667115096219311,0.010917604900450684
2025-05-16,0.00633397907497657,0.004352513718767437,0.006848027222306596,0.0006148750658299118,0.0022977815368687704
2025-05-19,0.001093923040050182,0.0009587765902914214,0.0007862192864456219,-0.0003072090348110734,0.00951400361368071
2025-05-20,-0.0033621834492569835,-0.0033333653282715536,-0.0032786192897136246,-0.0017412805914795992,0.004768925286954717
2025-05-21,-0.016850751844510237,-0.01389669742620303,-0.01740616288921326,-0.006566792679115641,-0.0058763555912167975
2025-05-22,0.00039462434647918876,0.0018713189523329454,-0.00017441251056460327,0.002892027589916024,-0.0005684606926150693
2025-05-23,-0.006825771490515775,-0.009260777165380207,-0.005859318284694326,0.001441724521943577,0.0013649757222886638
2025-05-27,0.020790615576653737,0.02352523893608227,0.02055846623244917,0.004524928965579322,0.014538836526336363
2025-05-28,-0.005785368979003946,-0.0044319589668946335,-0.005878244245972941,-0.0018427976842400051,-0.011531578063776582
2025-05-29,0.003947384500045503,0.001965784701239981,0.003215824796293454,0.003692320427033824,0.004417272230664349
2025-05-30,-0.0011184703661530904,-0.0015771578651582185,-0.0008271755878538345,0.0024524915666472857,0.0014659194086539262
2025-06-02,0.005632879250749179,0.007898128398173387,0.005105490952880043,-0.0026284457323867416,0.010697022454229765
2025-06-03,0.005702616355661272,0.007817083858092655,0.006898742728143503,-0.0007177252376496801,-0.007575785088850262
2025-06-04,-0.00026846867813934416,0.0027878493893858103,-0.00010235583269657678,0.005951736183314349,0.0044904083163648245
2025-06-05,-0.004832806844400794,-0.007526998148411179,-0.005522563319197871,-0.002550294372052786,-0.0006706759766762493
2025-06-06,0.010269010608102258,0.009775382537116739,0.011655028531609712,-0.005113472406460429,0.0035786157981101407
2025-06-09,0.0009013027856885625,0.0014720144863014095,0.0008131613483253197,0.0012335347193213053,-0.00011131134275554899
2025-06-10,0.005669603780814159,0.006613868248815269,0.005281772428723075,0.0022587468792223397,0.0013372687902484248
2025-06-11,-0.00285195175326991,-0.0033695625070487845,-0.0026606700818582185,0.003380366266331425,-0.0016694399964340967
2025-06-12,0.003974284235328973,0.0023478119854440926,0.003208061209923674,0.0036754488371684157,0.0076923003707447535
2025-06-13,-0.011180107804297013,-0.012554621902621577,-0.011814950725960727,-0.0035601803720222147,-0.01283325967371729
2025-06-16,0.009514208796833623,0.013909857435527861,0.009878376510023212,-0.0020416462163829197,0.0037509820417700457
2025-06-17,-0.008545033277707503,-0.009751158138730065,-0.008331434444132757,0.0030686951870233514,-0.012267171965285706
2025-06-18,-0.00015070747760781433,-0.00017023295467477606,0.00037418817875622956,0.0007138514205289326,0.0017249485678259013
2025-06-20,-0.002348596298099359,-0.004083167759180828,-0.0023120425936216105,0.0009171766912903223,-0.008954181768243363
2025-06-23,0.009877480029380825,0.010282420348183052,0.00961040548823866,0.0020362417615245043,0.007529265748782654
2025-06-24,0.011047279574515567,0.015292023905712604,0.011679325054950285,0.004064286100689651,0.012186681049481063
2025-06-25,0.0005603188542100401,0.002556492965206214,-0.0011677672145831153,-0.00010128358030203621,-0.005452105315107203
2025-06-26,0.007823840449262098,0.009350280526461585,0.00861838989985686,0.002732516344061242,0.011192363913415937
2025-06-27,0.004968310006379761,0.0034236319663238923,0.004537322281367606,-0.0028260100866941418,0.009035412402203624
2025-06-30,0.004781209119572027,0.0064770158532823086,0.005069459967736112,0.004048654351759495,0.0005596939087471053
2025-07-01,-0.0003236298209773336,-0.008429454518497859,0.0,-0.0009203325531464968,-0.00167805713058633
2025-07-02,0.004533275199175568,0.006965388081345392,0.005198621813969018,-0.001214739041013102,0.002913515715535775
2025-07-03,0.007881351217300603,0.009840201580021635,0.008248466279730415,-0.0020268976478957645,0.00022342617951287558
2025-07-07,-0.007451911689688506,-0.0075328855973175735,-0.007888818249557339,-0.003554353031468227,-0.01083549628778635
2025-07-08,-0.0005477706277796646,0.0005615592307335326,-6.550893602808028e-05,-0.00040773007376793124,0.007340416421041329
2025-07-09,0.005996615280215112,0.007078924130831332,0.006283177930830552,0.004180291925076629,0.007511276023121516
2025-07-10,0.0028203284907413195,-0.0014381803019662964,0.0026666904852641338,-0.00030459028318008396,-0.0006676887298810996
2025-07-11,-0.003515471310904239,-0.0022504275317831723,-0.004216457834926746,-0.004164158192457079,-0.009575778128603996
2025-07-14,0.0019082079637526839,0.0036268670540449133,0.002280021601460236,-0.00010190738349935557,0.0
2025-07-15,-0.004273266498076467,0.000916827655604191,-0.005264510304046177,-0.0029580437992594577,-0.010455315762595507
2025-07-16,0.00334324975208955,0.0010238672119105008,0.003789623126361885,0.0014321819647371559,0.004089986640324561
2025-07-17,0.006119653171936301,0.008092752325439712,0.006509145142335804,0.0004086881017784094,0.002602436796576235
2025-07-18,-0.0007323592062571382,-0.0009611570649281642,-0.0005497426837153263,0.0018379922311182462,-0.002821351972440822
2025-07-21,0.0018961671248525214,0.005184714916258493,0.0011323760317787368,0.0027520086022676526,0.005319162714537917
2025-07-22,0.00014308956258002326,-0.005175714764358963,0.0011633445860983471,0.0019313068676347633,0.005516130290095678
2025-07-23,0.008507549960310445,0.004561242866091275,0.00842484174300484,-0.002231927194527139,0.024854469640484878
2025-07-24,0.000331011779483692,0.0021283982409456836,-0.000352152196955946,-0.0006100477488090172,-0.007428449840231943
2025-07-25,0.0042243578976959295,0.002407011076010157,0.004450895622061246,0.0016277870246339532,-0.001210660462388713
2025-07-28,-0.000251119494356411,0.003125200039743925,-0.0002868957798788374,-0.001320427582629069,-0.016088144181516828
2025-07-29,-0.002637609180098366,-0.001548922554516885,-0.0031569538669790065,0.005390633659773103,-0.002015906633779374
2025-07-30,-0.0012593305691198653,0.001339790841133004,-0.0011515478341411756,-0.002832644609156776,-0.007182127541968564
2025-07-31,-0.0037512107798256533,-0.005299126196483317,-0.004355437474980017,0.0005073163890230159,-0.01073815490594121
2025-08-01,-0.016390431365516545,-0.019698774695034893,-0.016565422404724917,0.008647885619417872,-0.0026279220333731423
2025-08-04,0.015199795788522152,0.018451597120367813,0.015666934970626212,0.0008069176102452058,0.013288990955990565
2025-08-05,-0.005069964619629497,-0.006789498706695207,-0.0044117963564647145,0.00030234048877630926,-0.00011299612414672477
2025-08-06,0.0076596842911853535,0.01258319657879814,0.006760241664943267,-0.000403050224870527,0.006558052754967125
2025-08-07,-0.0008376210633260772,0.0033843031893268094,-0.0005782897213855165,-0.000806348324576267,0.008986779172386328
2025-08-08,0.007797567971946862,0.009328222980974132,0.0063008049922193,-0.00191661308422586,0.006123391823942503
2025-08-11,-0.001977485842922677,-0.0029588586600820532,-0.0023001029406474194,0.0007075091438497605,-0.004204989169670825
2025-08-12,0.010646088630271056,0.01256875711597405,0.012231460260896831,0.0,0.012223563731897258
2025-08-13,0.0034230982805847354,0.0005000242541226552,0.0048397771665618095,0.0036360127850716406,0.006038018156435454
2025-08-14,9.300854748550691e-05,-0.0007754285181217346,-0.0014795731766189535,-0.0028178672240005698,0.00010914596570366086
2025-08-15,-0.0023412249756729064,-0.004397364549404648,-0.002269936678840123,-0.00151368578200628,0.005891990251357226
2025-08-18,-0.00021763582620526467,-0.00039845064122645546,0.0003791674304820525,-0.0011118221876724732,-0.0010847825237795261
2025-08-19,-0.005425144902516887,-0.013567528293445985,-0.006064572261806678,0.0019224309453371724,0.00010861262491279611
2025-08-20,-0.0026570585531485724,-0.005937332611135493,-0.002637738120649935,0.0006059796485458069,0.0035830818297724054
2025-08-21,-0.004011840141401879,-0.004629784421550931,-0.0034412012008274706,-0.00232132205421276,-0.00627503872270585
2025-08-22,0.015356803532182273,0.015427391269485335,0.017329526604817014,0.005564017602779137,0.015024549871945014
2025-08-25,-0.004401088516101992,-0.0028847028050754675,-0.004808595180451514,-0.001509118899271189,-0.013193213693498351
2025-08-26,0.004187051216404392,0.004015251083488547,0.004547615566596219,0.001209150674611692,-0.001086939936098874
2025-08-27,0.002278514804511911,0.0015368311858414696,0.0026722189106906935,0.0010062546006703865,-0.002393919663224109
2025-08-28,0.0035413784731703757,0.006259964282901542,0.0036370591748600134,0.0012063994190936178,0.0037085115266020097
2025-08-29,-0.005963682184690233,-0.011575505091075189,-0.0059356259301973635,-0.0013053258956735592,-0.005868216755401279
2025-09-02,-0.00741027850099818,-0.008380135154771873,-0.006945386196963277,-0.0026530063621512667,-0.009838232322394114
2025-09-03,0.0054195601815894,0.007867494511238471,0.004240629068334556,0.0036411510099205735,0.0015455882845925029
2025-09-04,0.008357390788786612,0.009051472763408563,0.008855223883898367,0.004030977355161225,0.007275088446143219
2025-09-05,-0.0028962514584031096,0.001442930859006042,-0.0018430275144352137,0.0047174669643685885,0.004486798800971137
2025-09-08,0.002456628855379561,0.004877959883524019,0.0031920499772037925,0.0033966430815985937,0.010022858260912093
2025-09-09,0.002311848648811843,0.002833131207820694,0.0012789832259469947,-0.001991284077809463,-0.003343733811401517
2025-09-10,0.00289086266421279,0.00032730261013580453,0.0025546039584238844,0.0019952572017063464,-0.00021649645162979958
2025-09-11,0.00831022877152554,0.005820569677562615,0.009260444684184854,0.0018916249242681982,0.010608393440900699
2025-09-12,-0.0003345797943027362,0.004417127755101058,-0.0014471372081705791,-0.0008943291299510214,-0.003963182778096597
2025-09-15,0.005323880160421179,0.00855694910348559,0.00487193457413615,0.0016908510781508124,0.006667413279117795
2025-09-16,-0.0013768692449287467,-0.0008450513895844614,-0.0013501562540383372,0.00039718911618491504,-0.0027775038407779062
2025-09-17,-0.0012423560605266948,-0.001995995619608837,-0.0008911001199698454,-0.001786603525317898,-0.0037493141922023687
2025-09-18,0.004672452908252023,0.009016961566472359,0.006304550897652916,-0.002784118327001317,0.003870974304855501
2025-09-19,0.004952835223685836,0.006769415124870726,0.003759087492586577,0.0,-0.0038560476435092195
